user,instagramLink,twitterLink,discordLink
dego17,,,,
user,instagramLink,twitterLink,discordLink
dego17,,,,
user,instagramLink,twitterLink,discordLink
MizuMiu,,,,
masternuub_yt,,,https://discord.gg/NeMfURpy,
krakenahuer_,https://twitter.com/krakenahuer,,,
DACAjr,,https://www.instagram.com/_david_carbonell/,,
borx0,,https://www.instagram.com/borjaanti7/,,
MRcrikoX,,https://www.instagram.com/mr.criko/,https://discord.gg/pFSm4GH6gB,
elnenee17,,,,
jhonay_blas,,,,
ve1no_,,,,
nakedXei,https://twitter.com/xei_nr,https://www.instagram.com/nakedxei/,,
1Welig,,,,
alerazu,,https://www.instagram.com/aleerazu/,,
